Designator,Val,Package,Mid X,Mid Y,Rotation,Layer
C1,470pF,C_0402_1005Metric,126.500000,-107.980000,90.000000,top
C2,100nF,C_0402_1005Metric,115.500000,-99.000000,180.000000,top
C3,100nF,C_0402_1005Metric,126.020000,-99.000000,180.000000,top
D1,BAT54S,SOT-23,114.560000,-101.940000,90.000000,top
D2,BAT54S,SOT-23,125.560000,-104.500000,0.000000,top
J1,LOGIC,PinHeader_1x03_P2.54mm_Vertical,117.500000,-110.000000,90.000000,top
J2,PROBE,PinHeader_1x02_P2.54mm_Vertical,119.460000,-96.000000,90.000000,top
R1,470k,R_0805_2012Metric,113.500000,-96.410000,-90.000000,top
R2,470k,R_0805_2012Metric,125.500000,-96.590000,-90.000000,top
R3,18k,R_0402_1005Metric,116.530000,-104.250000,0.000000,top
R4,18k,R_0402_1005Metric,122.520000,-105.250000,-90.000000,top
R5,10k,R_0402_1005Metric,114.500000,-107.510000,90.000000,top
R6,10k,R_0402_1005Metric,118.010000,-107.000000,0.000000,top
R7,220R,R_0402_1005Metric,123.490000,-107.000000,0.000000,top
U1,LMV358,SOIC-8_3.9x4.9mm_P1.27mm,120.530000,-100.910000,90.000000,top
